Type, x Startpoint, y Startpoint, x Endpoint, y Endpoint, x Center Point, y Center Point, Clockwise(-1) / Counterclockwise (1)
line,2,2,2,2.41788
arc,2,2.41788,1.78973,3.57998,-1.31639,2.41788,7077888
line,1.78973,3.57998,1.65413,3.94241
arc,1.65413,3.94241,2.8363,5.68658,2.86404,4.39507,0
line,2.8363,5.68658,89.5567,7.54893
arc,89.5567,7.54893,95.5798,15.9024,89.4182,13.9969,-750822207
line,95.5798,15.9024,88.3389,39.3163
arc,88.3389,39.3163,88,41.559,95.591,41.559,32767
